"prolific_id","ip_address","random_id"
"65ccfdf16bdcab83d5bd1163","3600339f09b5315145096836e2fead76","88"
"6629399343a821d14a29e076","c3792f7cf79f50d5006568241a3027d7","3"
"67ad70221ce819e5d2f92818","2b2fb69b59eb0cb3f52403f9ee093369","64"
"5e6d8c46f93a0c35d1f82335","0cfc87b997c714db507026398701e400","101"
"5da8edc60f9c9c0017526948","6cff77f604e7395afda94ec7b1d531fb","74"
"5f4fe40c4af6f3120ff17532","fcfd30cb5ceb3eb8c2ded85af484a006","77"
"66b3790e0df81690b0bca76f","e8b749958876f6f2544bcc17faf83468","6"
"59d1e366faf42e00012b6c1c","a9c7f38bed1b165783dec89e5a43e00c","48"
"652940613511888d1ad5c864","ba8141c2ce19373cc6c905ac20db543d","22"
"671acd4b14ebfd595a8b6c09","2691c07e60d0b3214b69078f02ad8ac2","4"
"67bcdb18c5a07dca6589a461","995e73d41bc6245583dd791a3095181c","113"
"6012e262527c380ccb2a6c74","591583a95c79d9f86851d678ff132375","93"
"675dc624bd425c9210a1255e","ca3c79ab2d15ada094096d6571fe6f4f","81"
"681d505eef658dff09a4d3a5","f68a375bdb12f77c283a81890e59c322","15"
"678a85c749e99bc3baed6452","7d58efe6f660daabb3e782d743b6f589","55"
"67a51f9761d7aa2b0a88fd4a","98c2e09aebdde63356e099f8989038c3","23"
"66293ae63c9cc1e48e88d67c","141c15472c42c2aa42a12c4aa4727516","5"
"663fbfc8c8c814ee81e8037c","e666cef175b3c3fd0a5e0c1dbb0f8a74","12"
"67f2f50db04c6020f9118450","2bbb7468939c09759b7adade910ac47e","49"
"678ba962e3ab4fa50795ed97","85e04a66fadd22330315cca4ce4c0956","54"
"6671addff35007ecc777b619","ad82e5e83b2e597a3f08e9deab46b867","56"
"682b8037d230b0a29ab5a100","c22f4cc103949581a6fa7cfa33e6c156","32"
"6609619feb79146b62811775","6d8976b982442c8a8602419927bcc103","94"
"67a67b4a6d32992419ee200c","46f195ccb8a6a36a8abce08e0beebcc8","47"
"60fcd92780d0ec62027ed113","a4159105e243891f1186f1496847e2b7","103"
"65f07a7446073902ed31d06d","44a9348589a98ade930d061273881dd3","60"
"666382ae8e2b0242b661879a","6298fd46773d9be1691da0875ff93056","97"
"6318be45a49442eee3a88cb3","27ed938cd18a2e0cc7dabb470ecd9dce","11"
"663a6537d8be42a9bd890765","bff861bbc6afe55362e154bb376b4797","68"
"6686dcf1d3c6e9cf6f7922bb","95b2b5117b98d071a1db9158d8a1f45a","78"
"65d8f6828f8bac48599ad880","f8a65952854578c9314e60af7eb39d4a","61"
"67e23f61d6642c6710f62686","0c8e46a68b1d702af6be85af052966a5","114"
"5ef4d8b87faaa00c0dea0c4e","9766448fe845a922b691d14d8bcd9487","84"
"67911b9be5af0ac0763a28c7","ae1e17fd15e18765407cf0b296063708","69"
"662aca04169412ae36fb7d60","5ea4a655728c39bc9618bf0ca1656bd0","62"
"663b911b5f8a5f3f42047bba","e341ea24996a8004e88647d5e1c86398","87"
"5cb9bc10e50fe5001746c43b","b1d849a7c42c281ed71d22d850133831","66"
"675cb36b51ef22e70c4da7e2","3d0adabb3b57fa8969768bec75ae1040","1"
"633c74ad6178784ed5b52104","5cfbb5da2d52caf79d4f01621d2ebcd2","91"
"641a43f78351cc4fefe31190","47100f91a85e0f7a0c23370b3706d9da","51"
"5f46cd85e858dd0a24269315","1d227282c37c8955ceb167a5a7f9ad4b","90"
"56b43607c54e3c000d3c9b0b","79113dd6f73169ca46f9c9a7b6d82307","89"
"671806b3171e9a08f5c29cc6","d97ce4e35ce9f640f8d17c779d8c5ccc","95"
"67c0c4f757d625c937fa4cf9","7b59c9102fceb13b13f597874a16b75b","42"
"6785438ea7bda2a64a129770","f699b4b099973fb1d2c3cf6ed5c355f3","96"
"6085bb66296b0a411198d8fd","91f61b27052c0601d2377055b22a718c","110"
"660cda55786e37b1cbb49717","779cb4b9929d7fa51080a6f9862c5a61","102"
"667871d17d7fdf0358f82a28","8e9f665907deb1d4027d7031a75d3fcd","29"
"67f302367b115d1edb94f0b0","749fe4f84c1ccdd194fef4231b3c1c9a","14"
"67d6e1a36086654c357b5e2e","66732383eb7583bd63cad3f7c6e89309","57"
"67d472bc45e98240759da210","b36c32195ffacac4aab997c65c9de1f1","104"
"60fdf104935a0ef0e93762b0","caa1d7e92410ce6db6fbc303588047cb","31"
"67e1dede9ac73d05f0eb255e","d56d5b7924930ac573cd8d8020e8f7b8","18"
"65f0f44f1cae5992a2cc2c8b","9f2bd54007353bdc45e0ce7c90ea6769","85"
"652c3486250595e2f18d3d7f","54544d68c785c2c4da483f0160ed7e50","76"
"66789a1e138a59bb4ad16fa5","11131797f610a0ce03ed269bb5b3e93d","99"
"6755fa65a9ab28bdc4c088dd","56a16e03ae610ebb55d1b759c47cc31c","63"
"66f75ca6c63db2214194b1cc","56e76a55c83e29d5e5c36f34d9ee3fa0","67"
"67edb211a7c1d23c1535d6b2","00141cbbe8fc9562b42f1f996ce95d6c","13"
"64045393fa09ada78f0b5301","40476f28adf9d369b37aa808aa730900","108"
"64557c524f3391b18b143750","26f95480cd1eaf0ff4e0f943172a2d64","86"
"67e065974c85fbeb5f9f43be","e57d692688086737866dea3f11622372","40"
"6527f153bea7b2d7c0d556e4","a9fffb3b03d54e3b24723a5b4b9adc2d","41"
"66971a9cabd2bff3e5f60595","bf30791adc48676caac221ca7b250fe1","33"
"5d16badb7b0154001a282fdb","ec7ce633f0b739cd7470ec398718b3e7","105"
"66f305037af69346a9a55b42","4d8fc42a5dced839df733258be719e4a","107"
"67e8e0c0be5802df7311d109","12d768de56be5b386d550a7a3f406ca7","100"
"67e31b112bfefc992d4daf0e","8da02d8423313e8af0ebe337d026574d","52"
"67ed8a9ef13251ff7c8b66a8","8a5ac4ce8b98d0a5bd97b7911d3c7af9","82"
"616d9ef881036dfbfd63d2f4","7952c4cbc1a2d467dfd788b0b6589346","38"
"67447a01deb7398581f3b3be","449e2b1ed227492cd2b21362eccecf52","8"
"67e04fb6a0a0f7c68d0cb905","2afbb69d07f56a6899d394af36de12fb","58"
"67ea1b486fa9c8eb97c1c4ea","9ea63aadb9af79a84c77a46251545707","115"
"67dda00e83d591e9a6123c5f","2ba4cfa977664e0eba79844f83ff503f","53"
"67574d2fa6c77a56709e95a8","6429804c4d094e5ffeaa167751e949b5","20"
"67b9dca816c05c8ab44e4404","b62d66ad97d373df766016c2908c2076","17"
"63d176dbaef5e7827cd86954","ed32eb1eb29aa4c53b421b390c45936f","25"
"67db6b9f7ee1b0b7567ce00a","a4217aa7e4179ea99f5715e607a61223","65"
"6272bd000471b3d9ed5d4da5","ff1a6387b160937d610a7d79892e1f55","19"
"67db3dd91c05b7278a0aad44","e4003ada1f5b9eb0be046616343e00c6","7"
"67fc4c664729424963453173","2f25e16f75e58bd98589ed071976fa69","75"
"6649f870ed4a6b0016a6086a","3118d6307049f66fb3ec63f0e5f38518","9"
"6634e0e2300e0d377e2cf876","c082d17691721743d56b2d6e10931ac2","27"
"6746c680672c3ab45f25efb7","99472535286ea3b5edc8718daf2be6a6","50"
"66940332d70583ebe9a33c05","57c8b0e0a762ff8542b7b336b38af95b","73"
"678ffaadd2a9bbb0e63dd117","8908898407e70a5d1bd33c4943181279","26"
"64135e3d9cd5e3f16290d29c","fff080994d59a501cd82c11df8571fe7","44"
"66db9db4324609f1a7231f49","aa20f0fbd816c7e4ee46055a6b14df7b","34"
"67f2b914d702155cbc0a3a2c","87f5413c7293a53d582d708989165b31","106"
"606f9bca353fc36aba9ccb8b","a7fef96f4a4dbfbac24abaf48a1fe206","83"
"666e123eb6aff45cf5be575e","fad0ee4ef848a06fe99b3a0bb9eaa4d9","35"
"67ef2daa61fea4816e6e8793","a22660ca56fa1086437f35bb30c84430","39"
"62c5cdfe50000fce3e390be0","f756d6d5fce46156aee7792e30cf8d36","46"
"67f080382c31132cfbb584e6","f5a37e29a3ff105112874623da35e292","30"
"5e7027c5a2522d000bddb8f3","dc30e97c7be117bbfa60e334d44490e7","112"
"67508fdb923229a00abf2aa7","072658515fb35068b69e1b92e06fe3bf","109"
"5f5452df72345118f58d187b","8ec267bd417b4d1aea730e03dafbd941","71"
"66c5118758e462c3fe742d2a","ae02b5d0310a04ee516845df51dec447","45"
"67e184908b8cd53c87ac90a2","5ce7d3f390222a5bad6a957ab6684c13","10"
"5dc3552003f8562725a1b956","3ea01751eb200e8d4069653ed8350e59","21"
"5b405bb6c2e38100017612bb","f265c4f84c51926899753978970dfbe7","80"
"5c50046b2b89f500015e5f6b","5b1b4cca8b200888870088bf5024e87d","59"
"67294473dbb580a0ca93f60f","fd4cf702f180d57fb82a490b437d7bf3","70"
"67e32b89bc01f7bf15d359db","67d04d2ecabeed024e87305df2f25bac","92"
"672ceecd4b982fd2123fa32f","e30fa8e590f1d6a49e4311c877f89b8e","28"
"67ed8e7a8a601fc20f85f35e","4691f87312f69ade03bcdbd2acfede93","43"
"67d477f5ee48cd5a2badeeb0","3e22cf604b7f72d7d726ffa41243f919","36"
"61528277afcb4906d01e0442","48cb27ab86f0ee1e2849bfbab9ee3498","24"
"66a4b71e4e2313876dfec9fc","d7c6089ec8ac21cd824a4e0594196077","16"
"680ec630bc2232d82dc78119","ab9aa5fae9be3699a342bb4c2998c755","2"
"673feeafa80a279f5cc63e33","2a9fda48f6d367dc26a6a3b5100d4a29","111"
"67e0a8458369d92d9789b0b4","d8c5eb07e749f81581aa71c3d1ae0f17","37"
"67d4ba7e61ab8f9deb8ffb2e","92191b34288f8704567a8cd72676ff04","72"
"66187caf2a94f9051c85c431","bff4ef53d174555c679840635c9169bd","98"
"5d453e8723a5bb0001492546","02fe9120156ae2f8beeb6b106da7e308","79"
