"prolific_id","ip_address","random_id"
"65bfbd86a1ec730270fe8345","dfe3d6b133b7cfee1281a49c9159895a","24"
"611341c34be95409850e4341","5025dea2536540e46bff95ed53dd6987","3"
"67bdfe37cfbaa2551141486a","32417f1c8327d84db9f0ba9fe002f8a6","5"
"67e971fe972a4be474579d18","da95dd5842cde7f6d6beec5aad8cc90e","10"
"67e1eeefc9703e2ae5e5c0b0","bdf371281b427b2063a5e6abef65be2b","13"
"5c32a7310c5d02000114673c","0049bc997c63267cb315e6603930d7d5","6"
"664dfa7dc9b2a0473cacdd81","355ff67c6f56e15eebd689fd41737e1d","16"
"5db06709e8d5b50019c3bd88","5600660d71a307efabd104836bc15c14","22"
"67ccafbbb8c87ce9640349b1","64e8b1e959e4a1aa81048ecf42a4bd66","4"
"67e70536203c9f5fe50b336d","552c11e9960ddefacb7d62baa6758430","19"
"67eff0f098091020c1eec024","3aa83121990f6f00ca948dcaa93f2e8d","17"
"67ace44ff23c30b6337c7dcd","a26e58f1e0dac5a8c4da640f76fb01aa","27"
"67deb8dc47348a9074e0f2f8","1e75021cec6e7e78f4d519d10ee1b912","15"
"643ab9c7dbf92589bedc45f6","28945352dee29bdf1679c0e13a3e0b5a","28"
"67d184729aa937ccec298d54","58e66c75be334cb0166c92544598b6a6","12"
"67437f7d325a6cb19d897be5","698661359b22c0d4ea700c82a09eecef","1"
"67e727e0e5b6fb17d760f39f","10f91bae0a7da0642c3dbede5d2aa4df","25"
"67e4095cfeaa6ff8430d7ff1","1b12edc671cd85a49d7a0149d82ffaf7","8"
"5a09ebdf087f2e0001eae39f","db1e870dd9998e31c866b7734ee66422","18"
"67e86a02ddfa1db8c519e01c","ce8419e42d3d79ced9ec24023fdb780e","30"
"6780c42ed4700120b2b636db","4330c8580e6b07522332587949fff0cc","23"
"672f5d9e39d2d29090ebbb30","0038380ab0d521f7ba19cd4560032df3","26"
"678a9f5c3599b8ddc9c2aebe","789102a08ec862d228c188ed65659a01","7"
"67dea0a9723c135ffffe14f0","dfd1be5a00d1da6d4547133e17f7b6e1","14"
"66f08a7ef32da0b8eca514a0","9f2d8396de998c43ce8e9d919debfdcd","20"
"67d1370a55879f58029b4e79","c67bc2de29cf48f204c68c47e9ab13a7","9"
"66f415de88046ba6c874aef3","683f3120a5eca14414222e69bbdb1c20","29"
"67c8b95cbb5681b116c28658","8ddd2a77d4abb4e558e858ca9af1adf9","21"
"67e68a6c1082bff5672c2309","6e10edc86c2415a67ecaa0af29ff2dbb","11"
"675c822358b8fee50caff925","d4ce7c2f21b93367b42561412e1bc2a7","2"
